id,FirstName,LastName,Username,Email,Avatar,Gender,DoB,Address
523,Shawn,Wolff,shawn.wolff,shawn.wolff@email.com,https://robohash.org/sapientenumquamet.png?size=300x300&set=set1,Genderqueer,1969-08-25,"Lang Knoll,3007 Farrell Canyon,Leoniaberg,Wisconsin,United States,21520-6128"
5382,Stuart,Abbott,stuart.abbott,stuart.abbott@email.com,https://robohash.org/voluptasaliasdicta.png?size=300x300&set=set1,Polygender,1966-01-23,"Emmerich Squares,64463 Erdman Burgs,West Roma,Idaho,United States,35885"
6536,Burton,Wyman,burton.wyman,burton.wyman@email.com,https://robohash.org/evenietipsavel.png?size=300x300&set=set1,Non-binary,1993-01-28,"Jame Place,971 Leota Keys,Haywoodbury,Colorado,United States,71291"
6894,Shasta,Adams,shasta.adams,shasta.adams@email.com,https://robohash.org/sedipsameligendi.png?size=300x300&set=set1,Genderqueer,1988-05-31,"Weber Cove,618 Leffler Orchard,Gradyview,Montana,United States,93354-6820"
2145,Daisey,Hudson,daisey.hudson,daisey.hudson@email.com,https://robohash.org/etfugaratione.png?size=300x300&set=set1,Bigender,1995-02-22,"Alphonse Port,97068 Connie Ferry,McKenziebury,North Carolina,United States,82162"
6502,Vita,Erdman,vita.erdman,vita.erdman@email.com,https://robohash.org/quisreiciendisalias.png?size=300x300&set=set1,Bigender,1996-04-16,"Prince Spur,24204 Merri Haven,East Venachester,South Carolina,United States,55552-5376"
9351,Imelda,Heathcote,imelda.heathcote,imelda.heathcote@email.com,https://robohash.org/nemoofficiisvoluptatem.png?size=300x300&set=set1,Male,1991-09-05,"Hunter Forge,62292 Nolan Court,Shennamouth,New Mexico,United States,64939-8441"
4544,Susann,Heathcote,susann.heathcote,susann.heathcote@email.com,https://robohash.org/evenietdebitiset.png?size=300x300&set=set1,Female,1988-01-07,"Schroeder Mall,4024 King Field,Yundtside,Maryland,United States,95559"
5009,Son,King,son.king,son.king@email.com,https://robohash.org/sintmodivoluptas.png?size=300x300&set=set1,Agender,1998-12-27,"Reichel Oval,296 Fredrick Lakes,East Bridgettemouth,Oklahoma,United States,24076"
4071,Stephenie,Aufderhar,stephenie.aufderhar,stephenie.aufderhar@email.com,https://robohash.org/architectonecessitatibusnisi.png?size=300x300&set=set1,Polygender,1983-11-11,"Ritchie Ford,195 Tena Pine,Chasidyberg,Idaho,United States,34644-6956"
